position,handedness,player,pitcher,p_throws,lineup_spot,away_team,home_team,status,rating,team,playerid,FanDuel,DraftKings,pred_hr,pred_odds,diff,pick,HR,date
2B,R,Nico Hoerner,Max Fried,L,1,CHC,NYY,away,3.94,CHC,663538.0,1100.0,950.0,11.3,785.0,315.0,0.0,0,2025-07-12
RF,L,Kyle Tucker,Max Fried,L,2,CHC,NYY,away,6.5,CHC,663656.0,350.0,425.0,18.6,438.0,-13.0,0.0,0,2025-07-12
DH,R,Seiya Suzuki,Max Fried,L,3,CHC,NYY,away,7.64,CHC,673548.0,400.0,475.0,21.9,357.0,118.0,0.0,0,2025-07-12
C,R,Carson Kelly,Max Fried,L,4,CHC,NYY,away,5.47,CHC,608348.0,680.0,650.0,15.6,541.0,139.0,0.0,1,2025-07-12
CF,L,Pete Crow-Armstrong,Max Fried,L,5,CHC,NYY,away,6.53,CHC,691718.0,440.0,475.0,18.7,435.0,40.0,0.0,0,2025-07-12
SS,R,Dansby Swanson,Max Fried,L,6,CHC,NYY,away,6.37,CHC,621020.0,630.0,700.0,18.2,449.0,251.0,1.0,0,2025-07-12
LF,S,Ian Happ,Max Fried,L,7,CHC,NYY,away,5.68,CHC,664023.0,680.0,750.0,16.2,517.0,233.0,0.0,0,2025-07-12
1B,R,Justin Turner,Max Fried,L,8,CHC,NYY,away,3.95,CHC,457759.0,900.0,,11.3,785.0,115.0,0.0,0,2025-07-12
3B,R,Jon Berti,Max Fried,L,9,CHC,NYY,away,3.66,CHC,542932.0,1060.0,1500.0,10.5,852.0,648.0,0.0,0,2025-07-12
1B,R,Paul Goldschmidt,Matthew Boyd,L,1,CHC,NYY,home,6.18,NYY,502671.0,480.0,350.0,17.7,465.0,15.0,0.0,0,2025-07-12
LF,L,Cody Bellinger,Matthew Boyd,L,2,CHC,NYY,home,4.96,NYY,641355.0,500.0,450.0,14.2,604.0,-104.0,0.0,0,2025-07-12
RF,R,Aaron Judge,Matthew Boyd,L,3,CHC,NYY,home,10.77,NYY,592450.0,176.0,190.0,30.8,225.0,-35.0,0.0,1,2025-07-12
DH,R,Giancarlo Stanton,Matthew Boyd,L,4,CHC,NYY,home,6.57,NYY,519317.0,280.0,260.0,18.8,432.0,-152.0,0.0,0,2025-07-12
2B,L,Jazz Chisholm,Matthew Boyd,L,5,CHC,NYY,home,6.67,NYY,665862.0,390.0,500.0,19.1,424.0,76.0,0.0,0,2025-07-12
CF,L,Trent Grisham,Matthew Boyd,L,6,CHC,NYY,home,6.25,NYY,663757.0,400.0,450.0,17.9,459.0,-9.0,0.0,0,2025-07-12
SS,R,Anthony Volpe,Matthew Boyd,L,7,CHC,NYY,home,4.88,NYY,683011.0,630.0,550.0,14.000000000000002,614.0,16.0,0.0,0,2025-07-12
C,L,Austin Wells,Matthew Boyd,L,8,CHC,NYY,home,5.38,NYY,669224.0,480.0,450.0,15.4,549.0,-69.0,0.0,0,2025-07-12
3B,R,Oswald Peraza,Matthew Boyd,L,9,CHC,NYY,home,5.7,NYY,672724.0,830.0,700.0,16.3,513.0,317.0,0.0,0,2025-07-12
SS,L,J.P. Crawford,Casey Mize,R,1,SEA,DET,away,4.65,SEA,641487.0,900.0,1000.0,13.3,652.0,348.0,0.0,0,2025-07-12
C,S,Cal Raleigh,Casey Mize,R,3,SEA,DET,away,7.16,SEA,663728.0,255.0,250.0,20.5,388.0,-133.0,0.0,0,2025-07-12
LF,R,Randy Arozarena,Casey Mize,R,4,SEA,DET,away,4.91,SEA,668227.0,600.0,500.0,14.000000000000002,614.0,-14.0,0.0,1,2025-07-12
DH,S,Jorge Polanco,Casey Mize,R,5,SEA,DET,away,5.06,SEA,593871.0,560.0,600.0,14.499999999999998,590.0,10.0,0.0,0,2025-07-12
1B,L,Luke Raley,Casey Mize,R,6,SEA,DET,away,6.03,SEA,670042.0,560.0,650.0,17.2,481.0,169.0,0.0,1,2025-07-12
RF,L,Dominic Canzone,Casey Mize,R,7,SEA,DET,away,5.72,SEA,686527.0,540.0,650.0,16.400000000000002,510.0,140.0,0.0,0,2025-07-12
3B,R,Ben Williamson,Casey Mize,R,8,SEA,DET,away,2.97,SEA,810938.0,1100.0,1500.0,8.5,1076.0,424.0,0.0,0,2025-07-12
2B,L,Cole Young,Casey Mize,R,9,SEA,DET,away,3.56,SEA,702284.0,1060.0,1600.0,10.2,880.0,720.0,0.0,0,2025-07-12
DH,L,Colt Keith,George Kirby,R,1,SEA,DET,home,5.83,DET,690993.0,700.0,600.0,16.7,499.0,201.0,0.0,0,2025-07-12
2B,R,Gleyber Torres,George Kirby,R,2,SEA,DET,home,3.96,DET,650402.0,750.0,900.0,11.3,785.0,115.0,0.0,0,2025-07-12
RF,S,Wenceel Perez,George Kirby,R,3,SEA,DET,home,4.71,DET,672761.0,750.0,600.0,13.5,641.0,109.0,0.0,0,2025-07-12
LF,L,Riley Greene,George Kirby,R,4,SEA,DET,home,6.22,DET,682985.0,430.0,500.0,17.8,462.0,38.0,0.0,1,2025-07-12
1B,R,Spencer Torkelson,George Kirby,R,5,SEA,DET,home,4.78,DET,679529.0,450.0,550.0,13.7,630.0,-80.0,0.0,0,2025-07-12
3B,L,Zach McKinstry,George Kirby,R,6,SEA,DET,home,3.75,DET,656716.0,900.0,850.0,10.7,835.0,65.0,0.0,1,2025-07-12
CF,R,Matt Vierling,George Kirby,R,7,SEA,DET,home,4.5,DET,663837.0,830.0,900.0,12.9,675.0,225.0,0.0,0,2025-07-12
SS,L,Trey Sweeney,George Kirby,R,8,SEA,DET,home,4.98,DET,700242.0,750.0,650.0,14.2,604.0,146.0,0.0,0,2025-07-12
C,R,Jake Rogers,George Kirby,R,9,SEA,DET,home,4.31,DET,668670.0,800.0,450.0,12.3,713.0,87.0,0.0,0,2025-07-12
1B,L,Spencer Horwitz,Travis Adams,R,1,PIT,MIN,away,6.27,PIT,687462.0,560.0,550.0,17.9,459.0,101.0,0.0,0,2025-07-12
DH,R,Andrew McCutchen,Travis Adams,R,2,PIT,MIN,away,5.27,PIT,457705.0,480.0,500.0,15.1,562.0,-62.0,0.0,0,2025-07-12
RF,S,Bryan Reynolds,Travis Adams,R,3,PIT,MIN,away,6.42,PIT,668804.0,480.0,450.0,18.4,443.0,37.0,0.0,0,2025-07-12
2B,R,Nick Gonzales,Travis Adams,R,4,PIT,MIN,away,4.23,PIT,693304.0,680.0,600.0,12.1,726.0,-46.0,0.0,0,2025-07-12
CF,L,Oneil Cruz,Travis Adams,R,5,PIT,MIN,away,8.45,PIT,665833.0,310.0,285.0,24.2,313.0,-3.0,0.0,0,2025-07-12
3B,R,Ke'Bryan Hayes,Travis Adams,R,6,PIT,MIN,away,3.58,PIT,663647.0,870.0,900.0,10.2,880.0,20.0,0.0,0,2025-07-12
SS,R,Isiah Kiner-Falefa,Travis Adams,R,9,PIT,MIN,away,2.46,PIT,643396.0,1300.0,1100.0,7.000000000000001,1329.0,-29.0,0.0,0,2025-07-12
CF,R,Byron Buxton,Mike Burrows,R,1,PIT,MIN,home,6.01,MIN,621439.0,285.0,275.0,17.2,481.0,-196.0,0.0,1,2025-07-12
LF,S,Willi Castro,Mike Burrows,R,2,PIT,MIN,home,4.64,MIN,650489.0,630.0,475.0,13.3,652.0,-22.0,0.0,1,2025-07-12
RF,L,Trevor Larnach,Mike Burrows,R,3,PIT,MIN,home,6.24,MIN,663616.0,560.0,370.0,17.8,462.0,98.0,0.0,0,2025-07-12
C,R,Ryan Jeffers,Mike Burrows,R,4,PIT,MIN,home,4.97,MIN,680777.0,600.0,550.0,14.2,604.0,-4.0,0.0,0,2025-07-12
SS,S,Brooks Lee,Mike Burrows,R,5,PIT,MIN,home,4.37,MIN,686797.0,520.0,425.0,12.5,700.0,-180.0,0.0,0,2025-07-12
DH,L,Matt Wallner,Mike Burrows,R,6,PIT,MIN,home,6.84,MIN,670242.0,420.0,400.0,19.6,410.0,10.0,0.0,1,2025-07-12
3B,R,Royce Lewis,Mike Burrows,R,7,PIT,MIN,home,5.01,MIN,668904.0,630.0,400.0,14.3,599.0,31.0,0.0,0,2025-07-12
1B,R,Ty France,Mike Burrows,R,8,PIT,MIN,home,3.6,MIN,664034.0,900.0,550.0,10.3,871.0,29.0,0.0,0,2025-07-12
2B,L,Kody Clemens,Mike Burrows,R,9,PIT,MIN,home,5.77,MIN,665019.0,400.0,290.0,16.5,506.0,-106.0,0.0,1,2025-07-12
RF,R,Ronald Acuna,Erick Fedde,R,1,ATL,STL,away,6.61,ATL,660670.0,340.0,320.0,18.9,429.0,-89.0,0.0,1,2025-07-12
1B,L,Matt Olson,Erick Fedde,R,2,ATL,STL,away,6.67,ATL,621566.0,330.0,310.0,19.1,424.0,-94.0,0.0,0,2025-07-12
DH,R,Marcell Ozuna,Erick Fedde,R,3,ATL,STL,away,5.96,ATL,542303.0,470.0,425.0,17.0,488.0,-18.0,0.0,1,2025-07-12
LF,S,Jurickson Profar,Erick Fedde,R,5,ATL,STL,away,4.89,ATL,595777.0,680.0,700.0,14.000000000000002,614.0,86.0,0.0,0,2025-07-12
C,L,Drake Baldwin,Erick Fedde,R,6,ATL,STL,away,5.02,ATL,686948.0,750.0,,14.4,594.0,156.0,0.0,0,2025-07-12
2B,S,Ozzie Albies,Erick Fedde,R,7,ATL,STL,away,3.32,ATL,645277.0,600.0,500.0,9.5,953.0,-353.0,0.0,0,2025-07-12
CF,L,Michael Harris II,Erick Fedde,R,8,ATL,STL,away,4.25,ATL,671739.0,700.0,600.0,12.2,720.0,-20.0,0.0,0,2025-07-12
SS,R,Nick Allen,Erick Fedde,R,9,ATL,STL,away,2.29,ATL,669397.0,1200.0,1200.0,6.5,1438.0,-238.0,0.0,0,2025-07-12
C,R,William Contreras,Shinnosuke Ogasawara,L,2,WSH,MIL,home,5.51,MIL,661388.0,540.0,350.0,15.8,533.0,7.0,0.0,0,2025-07-12
2B,S,Xavier Edwards,Trevor Rogers,L,1,MIA,BAL,away,2.84,MIA,669364.0,1060.0,750.0,8.1,1135.0,-75.0,0.0,1,2025-07-12
DH,R,Agustin Ramirez,Trevor Rogers,L,2,MIA,BAL,away,6.08,MIA,682663.0,370.0,475.0,17.4,475.0,0.0,0.0,0,2025-07-12
SS,R,Otto Lopez,Trevor Rogers,L,3,MIA,BAL,away,4.61,MIA,672640.0,750.0,600.0,13.2,658.0,92.0,0.0,0,2025-07-12
RF,R,Heriberto Hernandez,Trevor Rogers,L,4,MIA,BAL,away,3.81,MIA,681715.0,600.0,650.0,10.9,817.0,-167.0,0.0,0,2025-07-12
1B,R,Eric Wagaman,Trevor Rogers,L,5,MIA,BAL,away,4.76,MIA,676572.0,560.0,600.0,13.6,635.0,-35.0,0.0,0,2025-07-12
LF,R,Dane Myers,Trevor Rogers,L,7,MIA,BAL,away,5.62,MIA,667472.0,630.0,550.0,16.1,521.0,109.0,0.0,0,2025-07-12
C,R,Nick Fortes,Trevor Rogers,L,8,MIA,BAL,away,3.33,MIA,663743.0,750.0,700.0,9.5,953.0,-203.0,0.0,0,2025-07-12
CF,R,Derek Hill,Trevor Rogers,L,9,MIA,BAL,away,5.57,MIA,656537.0,800.0,650.0,15.9,529.0,271.0,0.0,0,2025-07-12
2B,L,Jackson Holliday,Janson Junk,R,1,MIA,BAL,home,3.47,BAL,702616.0,420.0,425.0,9.9,910.0,-485.0,0.0,0,2025-07-12
3B,R,Jordan Westburg,Janson Junk,R,2,MIA,BAL,home,5.56,BAL,676059.0,330.0,340.0,15.9,529.0,-189.0,0.0,0,2025-07-12
SS,L,Gunnar Henderson,Janson Junk,R,3,MIA,BAL,home,6.65,BAL,683002.0,350.0,340.0,19.0,426.0,-76.0,0.0,0,2025-07-12
1B,L,Ryan O'Hearn,Janson Junk,R,4,MIA,BAL,home,5.83,BAL,656811.0,360.0,425.0,16.7,499.0,-74.0,0.0,0,2025-07-12
RF,R,Ramon Laureano,Janson Junk,R,5,MIA,BAL,home,4.61,BAL,657656.0,400.0,425.0,13.2,658.0,-233.0,0.0,0,2025-07-12
LF,L,Colton Cowser,Janson Junk,R,6,MIA,BAL,home,6.12,BAL,681297.0,400.0,380.0,17.5,471.0,-71.0,0.0,0,2025-07-12
DH,R,Tyler O'Neill,Janson Junk,R,7,MIA,BAL,home,5.28,BAL,641933.0,420.0,450.0,15.1,562.0,-112.0,0.0,0,2025-07-12
CF,L,Cedric Mullins,Janson Junk,R,8,MIA,BAL,home,3.98,BAL,656775.0,460.0,475.0,11.4,777.0,-302.0,0.0,0,2025-07-12
C,R,Jacob Stallings,Janson Junk,R,9,MIA,BAL,home,2.72,BAL,607732.0,900.0,800.0,7.8,1182.0,-282.0,0.0,0,2025-07-12
DH,L,Shohei Ohtani,Landen Roupp,R,1,LAD,SF,away,8.5,LAD,660271.0,300.0,285.0,24.3,312.0,-12.0,0.0,0,2025-07-12
SS,R,Mookie Betts,Landen Roupp,R,2,LAD,SF,away,3.77,LAD,605141.0,800.0,700.0,10.8,826.0,-26.0,0.0,0,2025-07-12
1B,L,Freddie Freeman,Landen Roupp,R,3,LAD,SF,away,5.29,LAD,518692.0,800.0,700.0,15.1,562.0,238.0,0.0,0,2025-07-12
RF,R,Teoscar Hernandez,Landen Roupp,R,5,LAD,SF,away,4.61,LAD,606192.0,750.0,650.0,13.2,658.0,92.0,0.0,0,2025-07-12
CF,R,Andy Pages,Landen Roupp,R,6,LAD,SF,away,3.56,LAD,681624.0,750.0,600.0,10.2,880.0,-130.0,0.0,0,2025-07-12
LF,L,Michael Conforto,Landen Roupp,R,7,LAD,SF,away,4.06,LAD,624424.0,830.0,650.0,11.6,762.0,68.0,0.0,0,2025-07-12
3B,S,Tommy Edman,Landen Roupp,R,8,LAD,SF,away,3.31,LAD,669242.0,1100.0,1000.0,9.5,953.0,147.0,0.0,0,2025-07-12
2B,L,Hyeseong Kim,Landen Roupp,R,9,LAD,SF,away,2.59,LAD,808975.0,1400.0,,7.399999999999999,1251.0,149.0,0.0,0,2025-07-12
RF,L,Mike Yastrzemski,Emmet Sheehan,R,1,LAD,SF,home,4.68,SF,573262.0,600.0,550.0,13.4,646.0,-46.0,0.0,0,2025-07-12
DH,L,Rafael Devers,Emmet Sheehan,R,2,LAD,SF,home,6.77,SF,646240.0,470.0,350.0,19.4,415.0,55.0,0.0,0,2025-07-12
LF,R,Heliot Ramos,Emmet Sheehan,R,3,LAD,SF,home,3.94,SF,671218.0,630.0,475.0,11.3,785.0,-155.0,0.0,0,2025-07-12
3B,R,Matt Chapman,Emmet Sheehan,R,4,LAD,SF,home,4.66,SF,656305.0,500.0,400.0,13.3,652.0,-152.0,0.0,0,2025-07-12
CF,L,Jung Hoo Lee,Emmet Sheehan,R,5,LAD,SF,home,3.38,SF,808982.0,1100.0,800.0,9.7,931.0,169.0,0.0,0,2025-07-12
SS,R,Willy Adames,Emmet Sheehan,R,6,LAD,SF,home,4.54,SF,642715.0,680.0,500.0,13.0,669.0,11.0,0.0,0,2025-07-12
C,S,Patrick Bailey,Emmet Sheehan,R,8,LAD,SF,home,2.9,SF,672275.0,1200.0,,8.3,1105.0,95.0,0.0,0,2025-07-12
2B,R,Casey Schmitt,Emmet Sheehan,R,9,LAD,SF,home,3.26,SF,669477.0,900.0,750.0,9.3,975.0,-75.0,0.0,0,2025-07-12
DH,R,Yandy Diaz,Garrett Crochet,L,1,TB,BOS,away,7.06,TB,650490.0,600.0,600.0,20.200000000000003,395.0,205.0,1.0,0,2025-07-12
SS,R,Ha-Seong Kim,Garrett Crochet,L,2,TB,BOS,away,6.43,TB,673490.0,1000.0,850.0,18.4,443.0,557.0,1.0,0,2025-07-12
3B,R,Junior Caminero,Garrett Crochet,L,3,TB,BOS,away,6.8,TB,691406.0,560.0,500.0,19.4,415.0,145.0,0.0,0,2025-07-12
CF,S,Jake Mangum,Garrett Crochet,L,5,TB,BOS,away,3.66,TB,663968.0,1100.0,1400.0,10.5,852.0,548.0,0.0,0,2025-07-12
LF,R,Christopher Morel,Garrett Crochet,L,6,TB,BOS,away,6.02,TB,666624.0,600.0,600.0,17.2,481.0,119.0,0.0,0,2025-07-12
RF,R,Jose Caballero,Garrett Crochet,L,7,TB,BOS,away,3.46,TB,676609.0,1060.0,1200.0,9.9,910.0,290.0,0.0,0,2025-07-12
2B,S,Taylor Walls,Garrett Crochet,L,8,TB,BOS,away,2.6,TB,670764.0,1100.0,1300.0,7.399999999999999,1251.0,49.0,0.0,0,2025-07-12
C,R,Danny Jansen,Garrett Crochet,L,9,TB,BOS,away,3.67,TB,643376.0,800.0,650.0,10.5,852.0,-52.0,0.0,0,2025-07-12
LF,L,Jarren Duran,Shane Baz,R,1,TB,BOS,home,6.11,BOS,680776.0,600.0,425.0,17.5,471.0,129.0,0.0,0,2025-07-12
C,R,Carlos Narvaez,Shane Baz,R,4,TB,BOS,home,4.38,BOS,665966.0,,600.0,12.5,700.0,,0.0,0,2025-07-12
RF,L,Wilyer Abreu,Shane Baz,R,5,TB,BOS,home,6.6,BOS,677800.0,,425.0,18.9,429.0,,0.0,0,2025-07-12
1B,S,Abraham Toro,Shane Baz,R,6,TB,BOS,home,4.06,BOS,647351.0,900.0,950.0,11.6,762.0,188.0,0.0,0,2025-07-12
SS,R,Trevor Story,Shane Baz,R,7,TB,BOS,home,4.58,BOS,596115.0,600.0,400.0,13.1,663.0,-63.0,0.0,0,2025-07-12
2B,L,Marcelo Mayer,Shane Baz,R,8,TB,BOS,home,5.38,BOS,691785.0,680.0,700.0,15.4,549.0,151.0,0.0,0,2025-07-12
CF,R,Ceddanne Rafaela,Shane Baz,R,9,TB,BOS,home,5.31,BOS,678882.0,630.0,700.0,15.2,558.0,142.0,0.0,0,2025-07-12
LF,L,Steven Kwan,Sean Burke,R,1,CLE,CWS,away,4.66,CLE,680757.0,700.0,650.0,13.3,652.0,48.0,0.0,0,2025-07-12
DH,L,Kyle Manzardo,Sean Burke,R,2,CLE,CWS,away,6.26,CLE,700932.0,360.0,295.0,17.9,459.0,-99.0,0.0,1,2025-07-12
3B,S,Jose Ramirez,Sean Burke,R,3,CLE,CWS,away,5.89,CLE,608070.0,300.0,255.0,16.8,495.0,-195.0,0.0,0,2025-07-12
1B,S,Carlos Santana,Sean Burke,R,4,CLE,CWS,away,4.95,CLE,467793.0,460.0,390.0,14.2,604.0,-144.0,0.0,0,2025-07-12
2B,L,Daniel Schneemann,Sean Burke,R,5,CLE,CWS,away,7.07,CLE,682177.0,470.0,500.0,20.200000000000003,395.0,105.0,0.0,0,2025-07-12
CF,S,Angel Martinez,Sean Burke,R,6,CLE,CWS,away,4.22,CLE,682657.0,680.0,500.0,12.1,726.0,-46.0,0.0,0,2025-07-12
RF,L,Nolan Jones,Sean Burke,R,8,CLE,CWS,away,6.23,CLE,666134.0,600.0,450.0,17.8,462.0,138.0,0.0,0,2025-07-12
SS,S,Brayan Rocchio,Sean Burke,R,9,CLE,CWS,away,3.67,CLE,677587.0,900.0,950.0,10.5,852.0,98.0,0.0,0,2025-07-12
RF,L,Mike Tauchman,Tanner Bibee,R,1,CLE,CWS,home,5.48,CWS,643565.0,540.0,500.0,15.7,537.0,3.0,0.0,0,2025-07-12
2B,R,Chase Meidroth,Tanner Bibee,R,2,CLE,CWS,home,3.41,CWS,805367.0,750.0,800.0,9.8,920.0,-120.0,0.0,0,2025-07-12
LF,L,Andrew Benintendi,Tanner Bibee,R,3,CLE,CWS,home,6.92,CWS,643217.0,520.0,380.0,19.8,405.0,115.0,0.0,0,2025-07-12
1B,R,Miguel Vargas,Tanner Bibee,R,4,CLE,CWS,home,4.77,CWS,678246.0,480.0,360.0,13.6,635.0,-155.0,0.0,0,2025-07-12
C,L,Kyle Teel,Tanner Bibee,R,5,CLE,CWS,home,6.47,CWS,691019.0,630.0,600.0,18.5,441.0,189.0,0.0,0,2025-07-12
CF,R,Luis Robert,Tanner Bibee,R,6,CLE,CWS,home,5.41,CWS,673357.0,420.0,400.0,15.5,545.0,-125.0,0.0,0,2025-07-12
DH,R,Lenyn Sosa,Tanner Bibee,R,7,CLE,CWS,home,4.26,CWS,672820.0,560.0,,12.2,720.0,-160.0,0.0,0,2025-07-12
3B,L,Josh Rojas,Tanner Bibee,R,9,CLE,CWS,home,4.32,CWS,668942.0,800.0,750.0,12.4,706.0,94.0,0.0,0,2025-07-12
LF,L,Brandon Nimmo,Michael Lorenzen,R,1,NYM,KC,away,5.9,NYM,607043.0,450.0,425.0,16.900000000000002,492.0,-42.0,0.0,0,2025-07-12
SS,S,Francisco Lindor,Michael Lorenzen,R,2,NYM,KC,away,5.06,NYM,596019.0,450.0,450.0,14.499999999999998,590.0,-140.0,0.0,0,2025-07-12
RF,L,Juan Soto,Michael Lorenzen,R,3,NYM,KC,away,7.52,NYM,665742.0,330.0,350.0,21.5,365.0,-15.0,0.0,1,2025-07-12
1B,R,Pete Alonso,Michael Lorenzen,R,4,NYM,KC,away,6.52,NYM,624413.0,310.0,330.0,18.6,438.0,-108.0,0.0,0,2025-07-12
DH,R,Mark Vientos,Michael Lorenzen,R,5,NYM,KC,away,4.43,NYM,668901.0,600.0,450.0,12.7,687.0,-87.0,0.0,0,2025-07-12
CF,L,Jeff McNeil,Michael Lorenzen,R,6,NYM,KC,away,3.78,NYM,643446.0,800.0,750.0,10.8,826.0,-26.0,0.0,0,2025-07-12
C,R,Luis Torrens,Michael Lorenzen,R,8,NYM,KC,away,5.07,NYM,620443.0,900.0,950.0,14.499999999999998,590.0,360.0,0.0,0,2025-07-12
2B,L,Brett Baty,Michael Lorenzen,R,9,NYM,KC,away,4.89,NYM,683146.0,,700.0,14.000000000000002,614.0,,0.0,0,2025-07-12
2B,R,Jonathan India,Frankie Montas,R,1,NYM,KC,home,4.19,KC,663697.0,870.0,600.0,12.0,733.0,137.0,0.0,0,2025-07-12
SS,R,Bobby Witt,Frankie Montas,R,2,NYM,KC,home,6.92,KC,677951.0,450.0,390.0,19.8,405.0,45.0,0.0,0,2025-07-12
1B,L,Vinnie Pasquantino,Frankie Montas,R,3,NYM,KC,home,5.11,KC,686469.0,500.0,500.0,14.6,585.0,-85.0,0.0,0,2025-07-12
3B,R,Maikel Garcia,Frankie Montas,R,4,NYM,KC,home,4.21,KC,672580.0,900.0,850.0,12.0,733.0,167.0,0.0,0,2025-07-12
DH,R,Salvador Perez,Frankie Montas,R,5,NYM,KC,home,5.61,KC,521692.0,480.0,425.0,16.0,525.0,-45.0,0.0,0,2025-07-12
RF,L,Jac Caglianone,Frankie Montas,R,6,NYM,KC,home,4.21,KC,695506.0,500.0,700.0,12.0,733.0,-33.0,0.0,0,2025-07-12
LF,R,Nick Loftin,Frankie Montas,R,7,NYM,KC,home,3.63,KC,679845.0,900.0,800.0,10.4,862.0,38.0,0.0,0,2025-07-12
CF,L,Kyle Isbel,Frankie Montas,R,9,NYM,KC,home,3.34,KC,664728.0,1060.0,800.0,9.6,942.0,118.0,0.0,0,2025-07-12
SS,L,CJ Abrams,Brandon Woodruff,R,1,WSH,MIL,away,7.05,WSH,682928.0,480.0,450.0,20.200000000000003,395.0,85.0,0.0,0,2025-07-12
LF,L,James Wood,Brandon Woodruff,R,2,WSH,MIL,away,9.9,WSH,695578.0,350.0,380.0,28.3,253.0,127.0,0.0,0,2025-07-12
2B,L,Luis Garcia,Brandon Woodruff,R,3,WSH,MIL,away,7.72,WSH,671277.0,560.0,500.0,22.1,352.0,208.0,1.0,0,2025-07-12
1B,L,Nathaniel Lowe,Brandon Woodruff,R,4,WSH,MIL,away,6.24,WSH,663993.0,600.0,500.0,17.8,462.0,138.0,0.0,0,2025-07-12
DH,S,Josh Bell,Brandon Woodruff,R,5,WSH,MIL,away,6.71,WSH,605137.0,520.0,425.0,19.2,421.0,99.0,0.0,0,2025-07-12
RF,L,Daylen Lile,Brandon Woodruff,R,7,WSH,MIL,away,5.43,WSH,695734.0,830.0,750.0,15.5,545.0,285.0,0.0,1,2025-07-12
C,R,Riley Adams,Brandon Woodruff,R,8,WSH,MIL,away,5.57,WSH,656180.0,870.0,600.0,15.9,529.0,341.0,0.0,0,2025-07-12
CF,R,Jacob Young,Brandon Woodruff,R,9,WSH,MIL,away,3.42,WSH,696285.0,1400.0,1600.0,9.8,920.0,680.0,0.0,0,2025-07-12
CF,R,Jackson Chourio,Shinnosuke Ogasawara,L,1,WSH,MIL,home,6.19,MIL,694192.0,450.0,400.0,17.7,465.0,-15.0,0.0,0,2025-07-12
DH,L,Christian Yelich,Shinnosuke Ogasawara,L,3,WSH,MIL,home,5.5,MIL,592885.0,360.0,500.0,15.7,537.0,-37.0,0.0,0,2025-07-12
LF,S,Isaac Collins,Shinnosuke Ogasawara,L,4,WSH,MIL,home,4.13,MIL,686555.0,750.0,600.0,11.8,747.0,3.0,0.0,0,2025-07-12
3B,R,Caleb Durbin,Shinnosuke Ogasawara,L,5,WSH,MIL,home,4.65,MIL,702332.0,,,13.3,652.0,,0.0,0,2025-07-12
RF,L,Sal Frelick,Shinnosuke Ogasawara,L,6,WSH,MIL,home,3.38,MIL,686217.0,830.0,650.0,9.7,931.0,-101.0,0.0,0,2025-07-12
1B,R,Andrew Vaughn,Shinnosuke Ogasawara,L,7,WSH,MIL,home,5.91,MIL,683734.0,430.0,280.0,16.900000000000002,492.0,-62.0,0.0,0,2025-07-12
2B,L,Brice Turang,Shinnosuke Ogasawara,L,8,WSH,MIL,home,3.66,MIL,668930.0,900.0,750.0,10.5,852.0,48.0,0.0,0,2025-07-12
SS,R,Joey Ortiz,Shinnosuke Ogasawara,L,9,WSH,MIL,home,3.77,MIL,687401.0,830.0,500.0,10.8,826.0,4.0,0.0,0,2025-07-12
2B,R,Marcus Semien,Framber Valdez,L,1,TEX,HOU,away,5.14,TEX,543760.0,830.0,850.0,14.7,580.0,270.0,0.0,1,2025-07-12
LF,R,Wyatt Langford,Framber Valdez,L,2,TEX,HOU,away,6.32,TEX,694671.0,600.0,650.0,18.1,452.0,198.0,0.0,0,2025-07-12
SS,L,Corey Seager,Framber Valdez,L,3,TEX,HOU,away,6.14,TEX,608369.0,430.0,550.0,17.599999999999998,468.0,82.0,0.0,0,2025-07-12
RF,R,Adolis Garcia,Framber Valdez,L,4,TEX,HOU,away,6.3,TEX,666969.0,750.0,650.0,18.0,456.0,294.0,1.0,0,2025-07-12
1B,R,Jake Burger,Framber Valdez,L,5,TEX,HOU,away,5.68,TEX,669394.0,560.0,600.0,16.2,517.0,83.0,0.0,0,2025-07-12
DH,S,Jonah Heim,Framber Valdez,L,6,TEX,HOU,away,3.99,TEX,641680.0,900.0,850.0,11.4,777.0,123.0,0.0,0,2025-07-12
C,R,Kyle Higashioka,Framber Valdez,L,7,TEX,HOU,away,5.03,TEX,543309.0,,,14.4,594.0,,0.0,1,2025-07-12
3B,R,Ezequiel Duran,Framber Valdez,L,8,TEX,HOU,away,3.34,TEX,677649.0,1200.0,1100.0,9.6,942.0,258.0,0.0,0,2025-07-12
CF,S,Sam Haggerty,Framber Valdez,L,9,TEX,HOU,away,2.75,TEX,664059.0,1300.0,1000.0,7.9,1166.0,134.0,0.0,0,2025-07-12
3B,R,Isaac Paredes,Jacob deGrom,R,1,TEX,HOU,home,3.63,HOU,670623.0,560.0,450.0,10.4,862.0,-302.0,0.0,0,2025-07-12
RF,R,Cam Smith,Jacob deGrom,R,2,TEX,HOU,home,3.69,HOU,701358.0,830.0,600.0,10.6,843.0,-13.0,0.0,0,2025-07-12
LF,R,Jose Altuve,Jacob deGrom,R,3,TEX,HOU,home,4.17,HOU,514888.0,630.0,550.0,11.9,740.0,-110.0,0.0,1,2025-07-12
1B,R,Christian Walker,Jacob deGrom,R,4,TEX,HOU,home,6.12,HOU,572233.0,560.0,425.0,17.5,471.0,89.0,0.0,0,2025-07-12
C,R,Yainer Diaz,Jacob deGrom,R,5,TEX,HOU,home,4.71,HOU,673237.0,680.0,650.0,13.5,641.0,39.0,0.0,1,2025-07-12
DH,S,Cooper Hummel,Jacob deGrom,R,6,TEX,HOU,home,3.86,HOU,669450.0,,900.0,11.0,809.0,,0.0,0,2025-07-12
CF,L,Taylor Trammell,Jacob deGrom,R,8,TEX,HOU,home,2.36,HOU,666211.0,870.0,,6.7,1393.0,-523.0,0.0,0,2025-07-12
SS,R,Zack Short,Jacob deGrom,R,9,TEX,HOU,home,2.55,HOU,670097.0,,,7.3,1270.0,,0.0,0,2025-07-12
SS,R,Trea Turner,Yu Darvish,R,1,PHI,SD,away,4.56,PHI,607208.0,500.0,650.0,13.0,669.0,-19.0,0.0,0,2025-07-12
DH,L,Kyle Schwarber,Yu Darvish,R,2,PHI,SD,away,7.95,PHI,656941.0,240.0,230.0,22.7,341.0,-101.0,0.0,0,2025-07-12
1B,L,Bryce Harper,Yu Darvish,R,3,PHI,SD,away,5.69,PHI,547180.0,330.0,300.0,16.3,513.0,-183.0,0.0,0,2025-07-12
3B,R,Alec Bohm,Yu Darvish,R,4,PHI,SD,away,4.37,PHI,664761.0,600.0,750.0,12.5,700.0,50.0,0.0,0,2025-07-12
RF,R,Nick Castellanos,Yu Darvish,R,5,PHI,SD,away,4.73,PHI,592206.0,500.0,550.0,13.5,641.0,-91.0,0.0,0,2025-07-12
LF,L,Max Kepler,Yu Darvish,R,6,PHI,SD,away,5.36,PHI,596146.0,480.0,475.0,15.3,554.0,-74.0,0.0,0,2025-07-12
C,R,J.T. Realmuto,Yu Darvish,R,7,PHI,SD,away,4.24,PHI,592663.0,600.0,600.0,12.1,726.0,-126.0,0.0,0,2025-07-12
2B,L,Bryson Stott,Yu Darvish,R,8,PHI,SD,away,4.26,PHI,681082.0,680.0,800.0,12.2,720.0,80.0,0.0,0,2025-07-12
CF,L,Brandon Marsh,Yu Darvish,R,9,PHI,SD,away,4.66,PHI,669016.0,680.0,650.0,13.3,652.0,28.0,0.0,0,2025-07-12
RF,R,Fernando Tatis,Zack Wheeler,R,1,PHI,SD,home,6.44,SD,665487.0,420.0,390.0,18.4,443.0,-23.0,0.0,0,2025-07-12
1B,L,Luis Arraez,Zack Wheeler,R,2,PHI,SD,home,3.16,SD,650333.0,1060.0,1100.0,9.0,1011.0,89.0,0.0,0,2025-07-12
3B,R,Manny Machado,Zack Wheeler,R,3,PHI,SD,home,5.23,SD,592518.0,450.0,425.0,15.0,567.0,-117.0,0.0,0,2025-07-12
LF,L,Gavin Sheets,Zack Wheeler,R,4,PHI,SD,home,5.27,SD,657757.0,560.0,500.0,15.1,562.0,-2.0,0.0,0,2025-07-12
CF,L,Jackson Merrill,Zack Wheeler,R,5,PHI,SD,home,5.62,SD,701538.0,600.0,500.0,16.1,521.0,79.0,0.0,1,2025-07-12
SS,R,Xander Bogaerts,Zack Wheeler,R,6,PHI,SD,home,3.01,SD,593428.0,750.0,850.0,8.6,1063.0,-213.0,0.0,0,2025-07-12
2B,L,Jake Cronenworth,Zack Wheeler,R,7,PHI,SD,home,4.98,SD,630105.0,630.0,600.0,14.2,604.0,26.0,0.0,0,2025-07-12
DH,L,Trenton Brooks,Zack Wheeler,R,8,PHI,SD,home,4.16,SD,670092.0,830.0,800.0,11.9,740.0,90.0,0.0,0,2025-07-12
C,R,Martin Maldonado,Zack Wheeler,R,9,PHI,SD,home,4.49,SD,455117.0,870.0,1000.0,12.8,681.0,319.0,0.0,0,2025-07-12
2B,S,Ketel Marte,Yusei Kikuchi,L,1,ARI,LAA,away,8.08,ARI,606466.0,240.0,255.0,23.1,333.0,-78.0,0.0,0,2025-07-12
CF,L,Corbin Carroll,Yusei Kikuchi,L,2,ARI,LAA,away,7.0,ARI,682998.0,360.0,340.0,20.0,400.0,-40.0,0.0,0,2025-07-12
LF,R,Lourdes Gurriel,Yusei Kikuchi,L,3,ARI,LAA,away,5.26,ARI,666971.0,480.0,450.0,15.0,567.0,-87.0,0.0,0,2025-07-12
DH,R,Eugenio Suarez,Yusei Kikuchi,L,4,ARI,LAA,away,7.0,ARI,553993.0,340.0,285.0,20.0,400.0,-60.0,0.0,1,2025-07-12
RF,R,Randal Grichuk,Yusei Kikuchi,L,5,ARI,LAA,away,6.55,ARI,545341.0,420.0,360.0,18.7,435.0,-15.0,0.0,0,2025-07-12
1B,L,Josh Naylor,Yusei Kikuchi,L,6,ARI,LAA,away,4.7,ARI,647304.0,500.0,425.0,13.4,646.0,-146.0,0.0,0,2025-07-12
SS,S,Geraldo Perdomo,Yusei Kikuchi,L,7,ARI,LAA,away,4.15,ARI,672695.0,900.0,800.0,11.9,740.0,160.0,0.0,0,2025-07-12
C,R,James McCann,Yusei Kikuchi,L,9,ARI,LAA,away,6.46,ARI,543510.0,680.0,550.0,18.5,441.0,239.0,1.0,0,2025-07-12
SS,R,Zach Neto,Zac Gallen,R,1,ARI,LAA,home,6.85,LAA,687263.0,430.0,400.0,19.6,410.0,20.0,0.0,0,2025-07-12
1B,L,Nolan Schanuel,Zac Gallen,R,2,ARI,LAA,home,5.41,LAA,694384.0,830.0,750.0,15.5,545.0,285.0,0.0,0,2025-07-12
DH,R,Mike Trout,Zac Gallen,R,3,ARI,LAA,home,7.37,LAA,545361.0,285.0,230.0,21.1,374.0,-89.0,0.0,1,2025-07-12
LF,R,Taylor Ward,Zac Gallen,R,4,ARI,LAA,home,6.86,LAA,621493.0,440.0,370.0,19.6,410.0,30.0,0.0,0,2025-07-12
CF,R,Jo Adell,Zac Gallen,R,5,ARI,LAA,home,6.56,LAA,666176.0,390.0,350.0,18.8,432.0,-42.0,0.0,0,2025-07-12
RF,R,Jorge Soler,Zac Gallen,R,6,ARI,LAA,home,6.27,LAA,624585.0,470.0,425.0,17.9,459.0,11.0,0.0,0,2025-07-12
3B,S,Yoan Moncada,Zac Gallen,R,8,ARI,LAA,home,5.65,LAA,660162.0,520.0,425.0,16.2,517.0,3.0,0.0,0,2025-07-12
2B,S,Luis Rengifo,Zac Gallen,R,9,ARI,LAA,home,4.23,LAA,650859.0,1000.0,900.0,12.1,726.0,274.0,0.0,0,2025-07-12
3B,R,Ernie Clement,Jacob Lopez,L,1,TOR,ATH,away,4.22,TOR,676391.0,700.0,550.0,12.1,726.0,-26.0,0.0,0,2025-07-12
RF,R,George Springer,Jacob Lopez,L,2,TOR,ATH,away,6.79,TOR,543807.0,340.0,320.0,19.4,415.0,-75.0,0.0,0,2025-07-12
1B,R,Vladimir Guerrero,Jacob Lopez,L,3,TOR,ATH,away,7.11,TOR,665489.0,340.0,280.0,20.3,393.0,-53.0,0.0,0,2025-07-12
SS,R,Bo Bichette,Jacob Lopez,L,4,TOR,ATH,away,4.79,TOR,666182.0,500.0,380.0,13.7,630.0,-130.0,0.0,0,2025-07-12
DH,R,Alejandro Kirk,Jacob Lopez,L,5,TOR,ATH,away,4.63,TOR,672386.0,520.0,475.0,13.2,658.0,-138.0,0.0,0,2025-07-12
LF,R,Davis Schneider,Jacob Lopez,L,6,TOR,ATH,away,5.44,TOR,676914.0,500.0,360.0,15.6,541.0,-41.0,0.0,0,2025-07-12
CF,R,Myles Straw,Jacob Lopez,L,7,TOR,ATH,away,3.56,TOR,664702.0,1200.0,1000.0,10.2,880.0,320.0,0.0,0,2025-07-12
2B,R,Leo Jimenez,Jacob Lopez,L,9,TOR,ATH,away,3.67,TOR,677870.0,900.0,900.0,10.5,852.0,48.0,0.0,1,2025-07-12
RF,L,Lawrence Butler,Kevin Gausman,R,1,TOR,ATH,home,5.75,ATH,671732.0,450.0,425.0,16.400000000000002,510.0,-60.0,0.0,0,2025-07-12
SS,R,Jacob Wilson,Kevin Gausman,R,2,TOR,ATH,home,3.05,ATH,805779.0,680.0,,8.7,1049.0,-369.0,0.0,0,2025-07-12
DH,R,Brent Rooker,Kevin Gausman,R,3,TOR,ATH,home,6.15,ATH,667670.0,350.0,295.0,17.599999999999998,468.0,-118.0,0.0,1,2025-07-12
1B,L,Nick Kurtz,Kevin Gausman,R,4,TOR,ATH,home,7.87,ATH,701762.0,350.0,330.0,22.5,344.0,6.0,0.0,0,2025-07-12
3B,R,Miguel Andujar,Kevin Gausman,R,5,TOR,ATH,home,3.51,ATH,609280.0,,750.0,10.0,900.0,,0.0,0,2025-07-12
C,R,Shea Langeliers,Kevin Gausman,R,6,TOR,ATH,home,5.46,ATH,669127.0,350.0,320.0,15.6,541.0,-191.0,0.0,0,2025-07-12
LF,L,Tyler Soderstrom,Kevin Gausman,R,7,TOR,ATH,home,6.79,ATH,691016.0,480.0,425.0,19.4,415.0,65.0,0.0,0,2025-07-12
CF,R,Denzel Clarke,Kevin Gausman,R,9,TOR,ATH,home,4.62,ATH,672016.0,870.0,650.0,13.2,658.0,212.0,0.0,0,2025-07-12
